Abigail Young,0763856115,abigailyoung@example.com,20 Street, City 20
Alexander Edwards,0796933805,alexanderedwards@example.com,37 Street, City 37
Alexander Lee,0778688431,alexanderlee@example.com,11 Street, City 11
Amelia Clark,0771727226,ameliaclark@example.com,14 Street, City 14
Andrew Nelson,0748889776,andrewnelson@example.com,27 Street, City 27
Anthony Scott,0775962178,anthonyscott@example.com,23 Street, City 23
Avery Collins,0766400462,averycollins@example.com,38 Street, City 38
Benjamin Cooper,0717431469,benjamincooper@example.com,49 Street, City 49
Benjamin Thomas,0765693745,benjaminthomas@example.com,9 Street, City 9
Caleb Stewart,0767569872,calebstewart@example.com,39 Street, City 39
Charlotte White,0749206892,charlottewhite@example.com,12 Street, City 12
Chloe Turner,0710511085,chloeturner@example.com,32 Street, City 32
Christopher King,0798481030,christopherking@example.com,21 Street, City 21
Daniel Harris,0766495048,danielharris@example.com,13 Street, City 13
David Allen,0739088509,davidallen@example.com,19 Street, City 19
Elizabeth Wright,0744447631,elizabethwright@example.com,22 Street, City 22
Ella Adams,0764333860,ellaadams@example.com,26 Street, City 26
Ella Rivera,0705029435,ellarivera@example.com,48 Street, City 48
Emily Davis,0720237592,emilydavis@example.com,4 Street, City 4
Ethan Parker,0729908131,ethanparker@example.com,35 Street, City 35
Evelyn Hall,0763948129,evelynhall@example.com,18 Street, City 18
Grace Perez,0724775481,graceperez@example.com,30 Street, City 30
Hannah Evans,0710340391,hannahevans@example.com,36 Street, City 36
Harper Robinson,0709177115,harperrobinson@example.com,16 Street, City 16
Jackson Bell,0755290283,jacksonbell@example.com,45 Street, City 45
James Taylor,0750361063,jamestaylor@example.com,7 Street, City 7
Jane Smith,0791270936,janesmith@example.com,2 Street, City 2
John Doe,0736753562,johndoe@example.com,1 Street, City 1
Joseph Walker,0797767365,josephwalker@example.com,17 Street, City 17
Joshua Baker,0753883189,joshuabaker@example.com,25 Street, City 25
Joshua Rogers,0761321599,joshuarogers@example.com,41 Street, City 41
Liam Bailey,0725449936,liambailey@example.com,47 Street, City 47
Lily Campbell,0728472406,lilycampbell@example.com,34 Street, City 34
Logan Cook,0770480429,logancook@example.com,43 Street, City 43
Matthew Lewis,0710615949,matthewlewis@example.com,15 Street, City 15
Mia Martinez,0725474430,miamartinez@example.com,10 Street, City 10
Mia Murphy,0780409196,miamurphy@example.com,46 Street, City 46
Michael Johnson,0706261879,michaeljohnson@example.com,3 Street, City 3
Nathan Roberts,0728936802,nathanroberts@example.com,31 Street, City 31
Olivia Wilson,0793194784,oliviawilson@example.com,6 Street, City 6
Ryan Mitchell,0740594692,ryanmitchell@example.com,29 Street, City 29
Samuel Phillips,0706462586,samuelphillips@example.com,33 Street, City 33
Scarlett Morris,0782996027,scarlettmorris@example.com,40 Street, City 40
Sofia Green,0757418597,sofiagreen@example.com,24 Street, City 24
Sophia Anderson,0720615547,sophiaanderson@example.com,8 Street, City 8
Victoria Carter,0743030925,victoriacarter@example.com,28 Street, City 28
Victoria Morgan,0761042220,victoriamorgan@example.com,44 Street, City 44
William Brown,0728973612,williambrown@example.com,5 Street, City 5
Zoe Reed,0714910758,zoereed@example.com,42 Street, City 42
